{
  "version": 1,
  "author": "Beatriz Marques",
  "editor": "wokwi",
  "parts": [
    { "type": "wokwi-breadboard-half", "id": "bb1", "top": 150.6, "left": -122, "attrs": {} },
    {
      "type": "board-esp32-devkit-c-v4",
      "id": "esp",
      "top": -20.86,
      "left": -5.9,
      "rotate": 90,
      "attrs": { "env": "micropython-20231227-v1.22.0" }
    },
    {
      "type": "wokwi-led",
      "id": "led1",
      "top": 188.4,
      "left": -43.8,
      "attrs": { "color": "red", "flip": "1" }
    },
    {
      "type": "wokwi-resistor",
      "id": "r1",
      "top": 234.65,
      "left": -87.8,
      "rotate": 180,
      "attrs": { "value": "65" }
    },
    {
      "type": "wokwi-pushbutton-6mm",
      "id": "btn1",
      "top": 240.5,
      "left": 32.3,
      "rotate": 90,
      "attrs": { "color": "blue" }
    },
    {
      "type": "wokwi-led",
      "id": "led2",
      "top": 188.4,
      "left": 90.2,
      "attrs": { "color": "green", "flip": "" }
    },
    {
      "type": "wokwi-resistor",
      "id": "r2",
      "top": 234.65,
      "left": 113.8,
      "rotate": 180,
      "attrs": { "value": "65" }
    }
  ],
  "connections": [
    [ "esp:TX", "$serialMonitor:RX", "", [] ],
    [ "esp:RX", "$serialMonitor:TX", "", [] ],
    [ "led1:C", "bb1:tn.6", "black", [ "v0", "h9.2", "v-48" ] ],
    [ "btn1:2.l", "esp:17", "blue", [ "v0" ] ],
    [ "r2:1", "esp:26", "green", [ "h19.2", "v-211.2", "h-153.6" ] ],
    [ "btn1:1.r", "bb1:tn.15", "blue", [ "v0" ] ],
    [ "esp:GND.2", "bb1:tn.20", "black", [ "v0" ] ],
    [ "led1:A", "bb1:8t.d", "", [ "$bb" ] ],
    [ "led1:C", "bb1:9t.d", "", [ "$bb" ] ],
    [ "r1:1", "bb1:8t.e", "", [ "$bb" ] ],
    [ "r1:2", "bb1:2t.e", "", [ "$bb" ] ],
    [ "r2:1", "bb1:29t.e", "", [ "$bb" ] ],
    [ "r2:2", "bb1:23t.e", "", [ "$bb" ] ],
    [ "led2:C", "bb1:tn.16", "black", [ "h-18.8", "v-57.5" ] ],
    [ "esp:14", "r1:2", "red", [ "v-9.45", "h-115.2" ] ],
    [ "led2:A", "bb1:23t.d", "", [ "$bb" ] ],
    [ "led2:C", "bb1:22t.d", "", [ "$bb" ] ],
    [ "btn1:1.l", "bb1:17t.e", "", [ "$bb" ] ],
    [ "btn1:2.l", "bb1:15t.e", "", [ "$bb" ] ],
    [ "btn1:1.r", "bb1:17b.f", "", [ "$bb" ] ],
    [ "btn1:2.r", "bb1:15b.f", "", [ "$bb" ] ]
  ],
  "dependencies": {}
}